,episode,step,time,reward,reward_notrain,reward_nofail,charge_num,SOC,unreach_position,Reach,Random_a,Avg_loss,overQuery_num,Loss history,Step history
0,1,13,2325109,-3.054181765568124,-3.054181765568124,-0.05418176556812382,0,0.8841714032356228,3,True,1.0,0.0,0,[],"[[[18.52664, 73.92817], 0, -1, [18.52664, 73.92817], False], [[18.52664, 73.92817], 2, -0.1085161342727122, [18.517646796362754, 73.92817], False], [[18.517646796362754, 73.92817], 3, -0.10378623408403859, [18.517646796362754, 73.91868575807483], False], [[18.517646796362754, 73.91868575807483], 0, -0.10374023847622793, [18.52664, 73.91868575807483], False], [[18.52664, 73.91868575807483], 0, -1, [18.52664, 73.91868575807483], False], [[18.52664, 73.91868575807483], 2, -0.1028300240642712, [18.517646796362754, 73.91868575807483], False], [[18.517646796362754, 73.91868575807483], 3, -0.10745730389232862, [18.517646796362754, 73.90920151614966], False], [[18.517646796362754, 73.90920151614966], 3, -0.10888484966298466, [18.517646796362754, 73.8997172742245], False], [[18.517646796362754, 73.8997172742245], 0, -0.10568637635118215, [18.52664, 73.8997172742245], False], [[18.52664, 73.8997172742245], 3, -0.10404181025009812, [18.52664, 73.89023253354895], False], [[18.52664, 73.89023253354895], 0, -1, [18.52664, 73.89023253354895], False], [[18.52664, 73.89023253354895], 3, -0.1055990726441186, [18.52664, 73.88074779287341], False], [[18.52664, 73.88074779287341], 2, 0.896360278129838, [18.517646796362754, 73.88074779287341], True]]"
